{
  "Full Oscillatory BifurcationGAN": {
    "metrics": {
      "FID": 1.0138665639724145,
      "FID_std": 0.5881932370761331,
      "FID_min": 0.4880524183620951,
      "FID_max": 1.834981966543637,
      "MMD": 0.08964046090841293,
      "MMD_std": 0.10189167410135269,
      "MMD_min": 0.004997372627258301,
      "MMD_max": 0.232954740524292,
      "Wasserstein": 0.15714581310749054,
      "Wasserstein_std": 0.094373919069767,
      "Wasserstein_min": 0.0584714338183403,
      "Wasserstein_max": 0.28431087732315063,
      "JS_Divergence": 0.23393815994881575,
      "JS_Divergence_std": 0.12030195584476418,
      "JS_Divergence_min": 0.11177880999232151,
      "JS_Divergence_max": 0.39756860666364446,
      "KS_Statistic": 0.44940418679549116,
      "KS_Statistic_std": 0.20726141496380565,
      "KS_Statistic_min": 0.1865378421900161,
      "KS_Statistic_max": 0.6931400966183576,
      "ACF_Similarity": 0.6009697196233709,
      "ACF_Similarity_std": 0.05417122421213148,
      "ACF_Similarity_min": 0.5614630855079452,
      "ACF_Similarity_max": 0.6775666967903162,
      "PSD_Similarity": 0.9940791174584801,
      "PSD_Similarity_std": 0.0006956231722199805,
      "PSD_Similarity_min": 0.9932624052509091,
      "PSD_Similarity_max": 0.9949624191108262,
      "Composite_Score": 0.7468748723073322,
      "Composite_Score_std": 0.05473807590797993,
      "Composite_Score_min": 0.6705387477588707,
      "Composite_Score_max": 0.7961776774098905
    },
    "config": {
      "name": "Full Oscillatory BifurcationGAN",
      "use_bifurcation": true,
      "use_oscillators": true,
      "use_coupling": true,
      "use_multiscale": true,
      "use_noise": true,
      "description": "Complete model with all components"
    },
    "composite_score": 0.7468748723073322,
    "composite_std": 0.05473807590797993
  },
  "No Bifurcation": {
    "metrics": {
      "FID": 0.6619628424281533,
      "FID_std": 0.2074202592146311,
      "FID_min": 0.4563072000873056,
      "FID_max": 0.9459371884866553,
      "MMD": 0.031114021316170692,
      "MMD_std": 0.028805842623114586,
      "MMD_min": 0.0033311843872070312,
      "MMD_max": 0.0708075761795044,
      "Wasserstein": 0.11648470908403397,
      "Wasserstein_std": 0.040650758892297745,
      "Wasserstein_min": 0.06975071132183075,
      "Wasserstein_max": 0.16884613037109375,
      "JS_Divergence": 0.18857057031912516,
      "JS_Divergence_std": 0.04603492445886236,
      "JS_Divergence_min": 0.13014706858658948,
      "JS_Divergence_max": 0.24265886111523546,
      "KS_Statistic": 0.4101127214170692,
      "KS_Statistic_std": 0.10077097920360606,
      "KS_Statistic_min": 0.2785185185185185,
      "KS_Statistic_max": 0.5232850241545893,
      "ACF_Similarity": 0.542284118299428,
      "ACF_Similarity_std": 0.13883212836945283,
      "ACF_Similarity_min": 0.424790119158245,
      "ACF_Similarity_max": 0.7372585377448271,
      "PSD_Similarity": 0.9928078419155181,
      "PSD_Similarity_std": 0.0010278254528964697,
      "PSD_Similarity_min": 0.9920415797214602,
      "PSD_Similarity_max": 0.9942606783130392,
      "Composite_Score": 0.7654900431349295,
      "Composite_Score_std": 0.009131875531637123,
      "Composite_Score_min": 0.7529445500801419,
      "Composite_Score_max": 0.7744169710986946
    },
    "config": {
      "name": "No Bifurcation",
      "use_bifurcation": false,
      "use_oscillators": true,
      "use_coupling": true,
      "use_multiscale": true,
      "use_noise": true,
      "description": "Remove bifurcation dynamics"
    },
    "composite_score": 0.7654900431349295,
    "composite_std": 0.009131875531637123
  },
  "No Oscillators": {
    "metrics": {
      "FID": 0.7155733015610282,
      "FID_std": 0.2313784570189408,
      "FID_min": 0.4925199727319087,
      "FID_max": 1.0344388068433454,
      "MMD": 0.037784259766340256,
      "MMD_std": 0.03469755873084068,
      "MMD_min": 0.007608175277709961,
      "MMD_max": 0.08638250827789307,
      "Wasserstein": 0.11437834054231644,
      "Wasserstein_std": 0.03953561931848526,
      "Wasserstein_min": 0.08270213752985,
      "Wasserstein_max": 0.1701170951128006,
      "JS_Divergence": 0.18238862518695576,
      "JS_Divergence_std": 0.050300606235044315,
      "JS_Divergence_min": 0.14539186955011765,
      "JS_Divergence_max": 0.25350502782273693,
      "KS_Statistic": 0.37861513687600645,
      "KS_Statistic_std": 0.05351803015937338,
      "KS_Statistic_min": 0.3348792270531401,
      "KS_Statistic_max": 0.45397745571658615,
      "ACF_Similarity": 0.5653689787951507,
      "ACF_Similarity_std": 0.023937850119777063,
      "ACF_Similarity_min": 0.5316446938400181,
      "ACF_Similarity_max": 0.5847875750145499,
      "PSD_Similarity": 0.9936844702293017,
      "PSD_Similarity_std": 0.0005722593882094661,
      "PSD_Similarity_min": 0.9930416301195887,
      "PSD_Similarity_max": 0.9944316703401718,
      "Composite_Score": 0.7630269089181131,
      "Composite_Score_std": 0.015355255910739978,
      "Composite_Score_min": 0.7429334938282555,
      "Composite_Score_max": 0.7802057149372978
    },
    "config": {
      "name": "No Oscillators",
      "use_bifurcation": true,
      "use_oscillators": false,
      "use_coupling": false,
      "use_multiscale": true,
      "use_noise": true,
      "description": "Remove coupled oscillators"
    },
    "composite_score": 0.7630269089181131,
    "composite_std": 0.015355255910739978
  },
  "No Coupling": {
    "metrics": {
      "FID": 0.8857593966970049,
      "FID_std": 0.11370913140093246,
      "FID_min": 0.7275450910005672,
      "FID_max": 0.9897829086427608,
      "MMD": 0.06737474352121353,
      "MMD_std": 0.020040053874254227,
      "MMD_min": 0.04586076736450195,
      "MMD_max": 0.09410881996154785,
      "Wasserstein": 0.168550506234169,
      "Wasserstein_std": 0.02969365566968918,
      "Wasserstein_min": 0.131808340549469,
      "Wasserstein_max": 0.20453067123889923,
      "JS_Divergence": 0.27975100876455944,
      "JS_Divergence_std": 0.046866551968105755,
      "JS_Divergence_min": 0.21792272615978994,
      "JS_Divergence_max": 0.331345047133354,
      "KS_Statistic": 0.5309715512614064,
      "KS_Statistic_std": 0.08698092074678937,
      "KS_Statistic_min": 0.40966183574879234,
      "KS_Statistic_max": 0.6092753623188406,
      "ACF_Similarity": 0.5741706015867952,
      "ACF_Similarity_std": 0.07922706745154079,
      "ACF_Similarity_min": 0.46986285984261433,
      "ACF_Similarity_max": 0.6617548772636355,
      "PSD_Similarity": 0.9934569044714316,
      "PSD_Similarity_std": 0.0011064323841506395,
      "PSD_Similarity_min": 0.9924881834662717,
      "PSD_Similarity_max": 0.9950054424224042,
      "Composite_Score": 0.7143217553067536,
      "Composite_Score_std": 0.029585141947106017,
      "Composite_Score_min": 0.6765571278990145,
      "Composite_Score_max": 0.748802005528368
    },
    "config": {
      "name": "No Coupling",
      "use_bifurcation": true,
      "use_oscillators": true,
      "use_coupling": false,
      "use_multiscale": true,
      "use_noise": true,
      "description": "Remove oscillator coupling"
    },
    "composite_score": 0.7143217553067536,
    "composite_std": 0.029585141947106017
  },
  "No Multiscale": {
    "metrics": {
      "FID": 0.5561017381957291,
      "FID_std": 0.04066633238516845,
      "FID_min": 0.505067443901403,
      "FID_max": 0.6045808427703762,
      "MMD": 0.01722494699060917,
      "MMD_std": 0.00986452866345644,
      "MMD_min": 0.004465699195861816,
      "MMD_max": 0.02848970890045166,
      "Wasserstein": 0.09182325005531311,
      "Wasserstein_std": 0.023093732073903084,
      "Wasserstein_min": 0.06268467009067535,
      "Wasserstein_max": 0.11916705220937729,
      "JS_Divergence": 0.15226758145101268,