{
  "Full Oscillatory BifurcationGAN": {
    "metrics": {
      "FID": 2.274529203413706,
      "FID_std": 0.40766732435479247,
      "FID_min": 1.7425357475075098,
      "FID_max": 2.732947845853252,
      "MMD": 0.6875818371772766,
      "MMD_std": 0.045408885926008224,
      "MMD_min": 0.6263123750686646,
      "MMD_max": 0.7348746061325073,
      "Wasserstein": 0.5641947388648987,
      "Wasserstein_std": 0.1261850893497467,
      "Wasserstein_min": 0.38887232542037964,
      "Wasserstein_max": 0.6806752681732178,
      "JS_Divergence": 0.22549092980662355,
      "JS_Divergence_std": 0.054912582862576796,
      "JS_Divergence_min": 0.1556320706472807,
      "JS_Divergence_max": 0.28979539100628426,
      "KS_Statistic": 0.30769444444444444,
      "KS_Statistic_std": 0.09377695497269367,
      "KS_Statistic_min": 0.17575,
      "KS_Statistic_max": 0.38525,
      "ACF_Similarity": 0.6054314751413543,
      "ACF_Similarity_std": 0.0682846245319048,
      "ACF_Similarity_min": 0.545368070898288,
      "ACF_Similarity_max": 0.7009496302455107,
      "PSD_Similarity": 0.9935154265168912,
      "PSD_Similarity_std": 0.0020506676526759818,
      "PSD_Similarity_min": 0.9907179340754522,
      "PSD_Similarity_max": 0.9955762782901217,
      "Composite_Score": 0.6093165056998346,
      "Composite_Score_std": 0.054703203946679206,
      "Composite_Score_min": 0.5504424333472634,
      "Composite_Score_max": 0.6822166697722591
    },
    "config": {
      "name": "Full Oscillatory BifurcationGAN",
      "use_bifurcation": true,
      "use_oscillators": true,
      "use_coupling": true,
      "use_multiscale": true,
      "use_noise": true,
      "description": "Complete model with all components"
    },
    "composite_score": 0.6093165056998346,
    "composite_std": 0.054703203946679206
  },
  "No Bifurcation": {
    "metrics": {
      "FID": 3.6322987219741254,
      "FID_std": 1.0208147693816139,
      "FID_min": 2.1959201607322836,
      "FID_max": 4.475814223654603,
      "MMD": 0.5600492358207703,
      "MMD_std": 0.0635763555765152,
      "MMD_min": 0.4865962862968445,
      "MMD_max": 0.6416803598403931,
      "Wasserstein": 0.7096462845802307,
      "Wasserstein_std": 0.08635497093200684,
      "Wasserstein_min": 0.5907171368598938,
      "Wasserstein_max": 0.7931454181671143,
      "JS_Divergence": 0.298839004874343,
      "JS_Divergence_std": 0.07061730328408011,
      "JS_Divergence_min": 0.19897388387917386,
      "JS_Divergence_max": 0.3494223273397756,
      "KS_Statistic": 0.4064722222222222,
      "KS_Statistic_std": 0.09083912655667847,
      "KS_Statistic_min": 0.28508333333333336,
      "KS_Statistic_max": 0.5035833333333334,
      "ACF_Similarity": 0.42093918122896107,
      "ACF_Similarity_std": 0.0070641493740145915,
      "ACF_Similarity_min": 0.4112509255563159,
      "ACF_Similarity_max": 0.4278943718506315,
      "PSD_Similarity": 0.9900779498597561,
      "PSD_Similarity_std": 0.0008157262957023247,
      "PSD_Similarity_min": 0.9893554262787052,
      "PSD_Similarity_max": 0.991218046575262,
      "Composite_Score": 0.49834172267166493,
      "Composite_Score_std": 0.036382775442420356,
      "Composite_Score_min": 0.46027806339563226,
      "Composite_Score_max": 0.5473556787390883
    },
    "config": {
      "name": "No Bifurcation",
      "use_bifurcation": false,
      "use_oscillators": true,
      "use_coupling": true,
      "use_multiscale": true,
      "use_noise": true,
      "description": "Remove bifurcation dynamics"
    },
    "composite_score": 0.49834172267166493,
    "composite_std": 0.036382775442420356
  },
  "No Oscillators": {
    "metrics": {
      "FID": 2.063041559863589,
      "FID_std": 0.715129610504099,
      "FID_min": 1.3932168244654977,
      "FID_max": 3.0541678085620187,
      "MMD": 0.550995945930481,
      "MMD_std": 0.16817517578601837,
      "MMD_min": 0.315549373626709,
      "MMD_max": 0.6978400349617004,
      "Wasserstein": 0.47922253608703613,
      "Wasserstein_std": 0.20407460629940033,
      "Wasserstein_min": 0.3177507817745209,
      "Wasserstein_max": 0.7671173214912415,
      "JS_Divergence": 0.20982909929469704,
      "JS_Divergence_std": 0.058895476703973625,
      "JS_Divergence_min": 0.1497457493389865,
      "JS_Divergence_max": 0.28982584466442707,
      "KS_Statistic": 0.25305555555555553,
      "KS_Statistic_std": 0.12441150977876643,
      "KS_Statistic_min": 0.16508333333333336,
      "KS_Statistic_max": 0.429,
      "ACF_Similarity": 0.45075250267092865,
      "ACF_Similarity_std": 0.22159645209314652,
      "ACF_Similarity_min": 0.27494044941100537,
      "ACF_Similarity_max": 0.7633251107428187,
      "PSD_Similarity": 0.9896057701981902,
      "PSD_Similarity_std": 0.005666627106328259,
      "PSD_Similarity_min": 0.9832747903347654,
      "PSD_Similarity_max": 0.9970262589101543,
      "Composite_Score": 0.6027455611411703,
      "Composite_Score_std": 0.059442412756899744,
      "Composite_Score_min": 0.5232694671845747,
      "Composite_Score_max": 0.6662062453799888
    },
    "config": {
      "name": "No Oscillators",
      "use_bifurcation": true,
      "use_oscillators": false,
      "use_coupling": false,
      "use_multiscale": true,
      "use_noise": true,
      "description": "Remove coupled oscillators"
    },
    "composite_score": 0.6027455611411703,
    "composite_std": 0.059442412756899744
  },
  "No Coupling": {
    "metrics": {
      "FID": 2.387660854309485,
      "FID_std": 0.3178130271602236,
      "FID_min": 1.9382144472570162,
      "FID_max": 2.6148590810350907,
      "MMD": 0.7196884751319885,
      "MMD_std": 0.07250962406396866,
      "MMD_min": 0.6234491467475891,
      "MMD_max": 0.7984669208526611,
      "Wasserstein": 0.5526140928268433,
      "Wasserstein_std": 0.12276439368724823,
      "Wasserstein_min": 0.46154889464378357,
      "Wasserstein_max": 0.7261583805084229,
      "JS_Divergence": 0.26399007109654127,
      "JS_Divergence_std": 0.06143267255979009,
      "JS_Divergence_min": 0.20016089133204878,
      "JS_Divergence_max": 0.3469471603758748,
      "KS_Statistic": 0.3022222222222222,
      "KS_Statistic_std": 0.07250416122583395,
      "KS_Statistic_min": 0.20383333333333342,
      "KS_Statistic_max": 0.3764166666666667,
      "ACF_Similarity": 0.4610951244783532,
      "ACF_Similarity_std": 0.03545287244111745,
      "ACF_Similarity_min": 0.435067331661284,
      "ACF_Similarity_max": 0.5112206733331615,
      "PSD_Similarity": 0.9902011090061166,
      "PSD_Similarity_std": 0.0014338627502276562,
      "PSD_Similarity_min": 0.9882738102594325,
      "PSD_Similarity_max": 0.9917107283745206,
      "Composite_Score": 0.5629319975835924,
      "Composite_Score_std": 0.0371933775586257,
      "Composite_Score_min": 0.5124425447710539,
      "Composite_Score_max": 0.6009490521780019
    },
    "config": {
      "name": "No Coupling",
      "use_bifurcation": true,
      "use_oscillators": true,
      "use_coupling": false,
      "use_multiscale": true,
      "use_noise": true,
      "description": "Remove oscillator coupling"
    },
    "composite_score": 0.5629319975835924,
    "composite_std": 0.0371933775586257
  },
  "No Multiscale": {
    "metrics": {
      "FID": 2.39290162881137,
      "FID_std": 0.6503785053672,
      "FID_min": 1.4791832252307338,
      "FID_max": 2.9410149241211005,
      "MMD": 0.5511974692344666,
      "MMD_std": 0.10584349185228348,
      "MMD_min": 0.4053330421447754,
      "MMD_max": 0.6532319188117981,
      "Wasserstein": 0.6275158524513245,
      "Wasserstein_std": 0.2212260365486145,
      "Wasserstein_min": 0.31626081466674805,
      "Wasserstein_max": 0.8105597496032715,
      "JS_Divergence": 0.2360687379793973,
      "JS_Divergence_std": 0.07791281268453745,